parking_spot,car_number,entry_time,exit_time,shopping_center_id
B6,EE7174FF,2024-01-05 23:47,2024-01-14 07:18,SC1
D18,CC3182GG,2024-03-13 12:55,2024-07-26 09:58,SC1
B12,BB7224FF,2024-09-19 11:18,2024-01-26 06:53,SC6
B19,BB9997FF,2024-06-25 21:25,2024-03-01 01:02,SC3
B3,AA5354GG,2024-02-11 08:57,2024-10-05 20:53,SC7
D11,CC2434GG,2024-01-21 01:34,2024-02-13 07:37,SC4
B14,CC9841FF,2024-07-03 08:39,2024-06-04 11:03,SC7
A10,DD7003BB,2024-06-22 20:49,2024-07-07 08:53,SC7
D17,AA8498BB,2024-02-26 12:57,2024-05-21 10:43,SC2
B7,DD5789FF,2024-01-02 06:52,2024-05-14 02:12,SC6
C6,AA7591FF,2024-05-09 03:53,2024-05-11 01:56,SC7
D13,BB5406GG,2024-05-08 06:19,2024-04-22 02:06,SC5
C3,DD5261DD,2024-02-29 13:21,2024-02-24 07:50,SC2
D19,CC2456FF,2024-02-15 09:30,2024-06-29 22:49,SC2
A9,BB2482CC,2024-07-31 06:45,2024-04-01 17:16,SC3
B19,EE4665BB,2024-08-13 10:12,2024-04-23 17:55,SC2
D8,AA6616FF,2024-01-20 19:37,2024-04-22 01:31,SC4
C15,CC8089CC,2024-10-21 20:38,2024-08-26 18:04,SC3
B12,EE7857GG,2024-06-20 04:56,2024-09-05 19:05,SC2
C1,AA3970GG,2024-02-07 03:29,2024-06-03 11:07,SC1
D4,AA7638GG,2024-01-12 20:21,2024-03-02 15:39,SC1
C13,AA2587CC,2024-10-13 20:14,2024-01-30 23:30,SC4
A16,DD6491FF,2024-10-25 11:47,2024-03-23 17:16,SC5
B4,BB3855CC,2024-04-20 04:39,2024-07-23 06:56,SC1
B9,BB9513FF,2024-10-03 16:53,2024-11-03 13:59,SC3
A19,CC9469DD,2024-09-25 09:16,2024-08-23 05:53,SC1
D4,BB8194DD,2024-05-24 08:06,2024-10-24 08:48,SC5
D17,DD3085BB,2024-03-24 21:28,2024-06-19 21:21,SC7
D11,DD3590CC,2024-03-03 12:03,2024-06-08 17:45,SC4
C15,BB1484DD,2024-01-29 18:56,2024-02-21 17:11,SC7
A2,DD8453GG,2024-11-03 04:05,2024-09-19 06:23,SC1
C15,DD8757DD,2024-06-13 18:55,2024-02-01 20:14,SC1
B7,CC3620CC,2024-08-21 04:11,2024-03-20 12:23,SC5
C2,EE3995CC,2024-05-12 22:01,2024-03-01 09:28,SC7
B6,EE9187BB,2024-01-02 08:47,2024-01-01 07:09,SC2
C12,EE3133CC,2024-02-13 00:04,2024-08-13 11:33,SC4
C14,BB9398BB,2024-02-17 00:50,2024-05-14 22:49,SC1
D5,EE5163CC,2024-07-10 03:24,2024-03-06 18:49,SC4
A16,AA1386CC,2024-03-06 04:49,2024-05-24 12:15,SC6
D6,AA1409GG,2024-08-20 17:58,2024-10-20 09:38,SC7
A6,EE8611DD,2024-03-12 21:29,2024-07-25 19:29,SC2
B4,BB7151FF,2024-09-28 05:53,2024-08-12 08:00,SC2
C6,AA8929BB,2024-10-15 17:32,2024-08-09 12:45,SC7
C1,BB4763FF,2024-07-17 11:31,2024-02-14 06:24,SC5
D13,AA3383DD,2024-10-06 21:42,2024-03-20 11:15,SC3
B14,CC7647FF,2024-04-02 23:46,2024-08-26 17:38,SC7
B8,BB3356DD,2024-01-17 23:00,2024-02-03 15:18,SC2
A13,AA9189GG,2024-02-05 03:43,2024-09-18 10:31,SC7
A2,DD3609FF,2024-05-05 12:04,2024-03-29 18:25,SC6
D20,CC6475BB,2024-10-21 10:39,2024-02-17 07:45,SC6
A12,AA9428FF,2024-07-20 06:45,2024-02-04 04:38,SC5
D12,BB7631CC,2024-05-14 01:02,2024-04-26 18:47,SC1
B5,DD6442DD,2024-08-12 09:42,2024-05-22 12:16,SC6
A6,BB3771CC,2024-10-17 01:54,2024-09-13 03:23,SC3
C9,DD3376FF,2024-06-20 14:29,2024-05-11 00:26,SC3
C3,AA3601GG,2024-07-20 04:47,2024-05-20 22:08,SC1
D18,CC5581DD,2024-06-16 06:27,2024-07-15 19:04,SC6
A2,AA8946FF,2024-09-17 13:48,2024-10-19 04:18,SC1
D9,AA5156FF,2024-10-18 18:16,2024-01-30 22:57,SC2
A7,EE2682BB,2024-09-19 16:56,2024-04-29 14:25,SC6
D18,DD3179DD,2024-03-06 08:07,2024-06-21 19:36,SC4
B1,AA4280BB,2024-01-15 07:11,2024-05-19 20:40,SC6
B1,CC7357GG,2024-06-26 05:26,2024-05-30 03:41,SC6
D3,DD9798FF,2024-06-05 16:37,2024-10-26 04:21,SC5
C14,BB5882BB,2024-02-16 18:52,2024-03-28 14:05,SC3
A9,EE3620BB,2024-10-16 08:55,2024-10-30 13:26,SC6
C9,BB8966FF,2024-02-28 22:52,2024-04-25 11:18,SC1
D8,BB8095DD,2024-07-23 00:24,2024-09-19 02:50,SC3
C8,CC3976CC,2024-02-28 02:27,2024-01-14 01:41,SC2
C12,CC4360BB,2024-07-14 19:10,2024-08-05 21:26,SC4
A19,BB6863CC,2024-10-31 19:34,2024-04-11 23:36,SC2
C1,EE9751BB,2024-01-04 22:44,2024-10-06 10:26,SC2
A3,CC2931GG,2024-10-22 23:02,2024-02-15 04:31,SC7
D20,CC1968GG,2024-02-02 08:34,2024-10-01 17:46,SC7
A17,AA9326GG,2024-04-16 12:05,2024-08-29 20:45,SC4
B8,AA7553CC,2024-01-15 19:47,2024-09-15 00:09,SC5
A7,EE5756FF,2024-08-20 14:40,2024-07-07 07:55,SC6
D18,BB1210DD,2024-02-07 05:35,2024-03-21 04:45,SC7
D1,CC8621FF,2024-06-02 15:54,2024-05-23 11:25,SC4
B15,DD6057CC,2024-09-26 20:30,2024-05-31 14:17,SC5
D19,CC6610DD,2024-05-17 04:37,2024-05-04 23:27,SC6
B8,BB1936FF,2024-01-20 00:24,2024-07-27 22:25,SC4
D16,BB5713FF,2024-09-05 10:25,2024-08-21 20:54,SC1
B4,BB3278CC,2024-08-30 03:22,2024-09-13 14:28,SC3
D13,EE7840DD,2024-05-24 12:51,2024-06-27 05:23,SC4
D3,CC5658FF,2024-10-28 12:10,2024-04-27 17:44,SC4
D19,BB8061GG,2024-05-21 02:00,2024-03-25 21:50,SC6
A13,DD6939FF,2024-08-11 08:36,2024-02-20 20:39,SC2
A10,BB9427CC,2024-07-24 08:35,2024-09-16 00:50,SC6
A19,BB4627CC,2024-03-16 04:37,2024-10-23 17:12,SC7
A14,EE6493GG,2024-05-22 16:49,2024-08-28 02:48,SC2
B10,DD7911FF,2024-07-09 14:20,2024-04-14 01:55,SC6
C8,AA9669DD,2024-06-20 21:45,2024-09-10 09:24,SC2
D4,CC6936CC,2024-11-07 17:37,2024-05-20 03:18,SC6
D3,CC5331GG,2024-07-05 13:49,2024-08-11 16:07,SC2
C18,EE5076BB,2024-01-27 21:16,2024-01-19 20:06,SC4
B6,EE2682DD,2024-04-28 22:07,2024-01-30 03:27,SC4
B2,CC6783GG,2024-06-27 17:22,2024-02-11 22:27,SC5
D4,BB9250GG,2024-08-11 23:14,2024-02-17 21:39,SC6
C1,AA5938DD,2024-01-12 11:32,2024-09-09 06:59,SC1
A11,DD4172BB,2024-02-26 22:54,2024-04-08 08:53,SC2
C7,AA4327FF,2024-03-30 19:03,2024-07-28 12:58,SC6
B15,DD8100FF,2024-06-30 19:17,2024-03-06 02:26,SC2
C8,AA4937BB,2024-06-21 21:19,2024-04-19 18:52,SC5
C1,CC1825DD,2024-03-02 11:52,2024-09-24 12:57,SC4
B4,DD9128BB,2024-06-28 10:18,2024-08-19 03:27,SC2
B14,EE7373DD,2024-06-09 07:26,2024-01-24 13:48,SC3
B1,DD9864DD,2024-10-12 04:31,2024-09-07 11:55,SC7
A5,CC5782CC,2024-03-12 11:46,2024-07-31 16:31,SC2
B1,DD5548GG,2024-07-01 10:51,2024-03-17 16:09,SC4
D16,EE3584DD,2024-09-24 03:31,2024-08-12 13:50,SC6
A13,EE2887FF,2024-01-06 20:42,2024-04-13 21:53,SC1
A6,BB7219GG,2024-02-27 06:13,2024-05-31 07:20,SC4
A1,EE1008CC,2024-05-08 16:05,2024-05-05 20:07,SC2
A4,CC5774BB,2024-11-06 01:35,2024-06-30 23:00,SC3
D15,DD4411BB,2024-02-08 17:09,2024-06-11 14:08,SC1
D18,CC7327FF,2024-08-03 23:07,2024-08-21 20:15,SC4
A2,CC8280BB,2024-09-10 03:03,2024-01-08 08:47,SC2
B5,DD7156CC,2024-07-17 20:14,2024-04-05 20:24,SC5
B5,BB6918FF,2024-10-02 16:47,2024-03-01 01:45,SC2
D5,CC4931FF,2024-07-04 03:29,2024-08-06 23:56,SC4
D10,CC1134CC,2024-07-13 22:08,2024-05-14 04:57,SC6
A11,CC7748FF,2024-09-26 14:46,2024-01-21 19:31,SC7
A12,CC1023FF,2024-03-06 19:28,2024-05-17 04:41,SC1
B6,EE8776FF,2024-08-27 11:25,2024-08-31 09:44,SC6
D17,EE5328BB,2024-10-15 04:55,2024-02-13 09:22,SC6
A8,BB9632BB,2024-04-21 12:35,2024-07-01 08:18,SC4
D8,DD6832FF,2024-02-29 12:01,2024-05-01 18:05,SC4
C5,BB7631FF,2024-10-30 15:14,2024-07-29 19:39,SC6
D16,DD8899CC,2024-07-29 14:42,2024-01-17 12:14,SC7
A2,EE9646GG,2024-05-02 21:30,2024-03-06 19:32,SC1
D2,CC2398BB,2024-01-12 17:39,2024-08-11 08:46,SC3
A18,DD6015FF,2024-07-20 23:35,2024-05-25 19:46,SC2
C17,EE3932CC,2024-09-02 07:51,2024-01-26 14:43,SC3
C8,DD4617CC,2024-03-14 11:35,2024-09-17 00:59,SC7
C20,EE3813CC,2024-08-07 01:46,2024-04-30 08:11,SC2
C4,EE3848CC,2024-06-18 23:29,2024-10-11 17:17,SC2
A6,CC2975GG,2024-03-07 09:05,2024-11-02 01:38,SC4
C15,EE6505BB,2024-04-12 10:14,2024-04-30 14:50,SC5
B4,BB5933DD,2024-02-05 23:11,2024-05-19 11:44,SC6
B15,BB4355DD,2024-07-09 01:50,2024-11-02 16:32,SC5
C20,AA6959BB,2024-10-05 19:31,2024-06-14 11:04,SC4
C14,EE2663DD,2024-07-14 00:09,2024-03-01 19:41,SC2
A9,AA6227BB,2024-09-18 14:13,2024-04-24 18:19,SC6
B20,DD4818BB,2024-01-08 05:36,2024-10-13 09:09,SC4
C15,AA5836DD,2024-08-11 20:54,2024-04-20 03:58,SC1
C9,CC3199DD,2024-04-28 01:01,2024-05-04 13:49,SC2
C12,BB6716BB,2024-03-06 01:19,2024-01-03 16:21,SC4
C19,EE5899GG,2024-08-05 23:00,2024-05-15 13:13,SC4
B7,CC8062BB,2024-06-17 14:03,2024-08-27 08:46,SC2
C11,CC4062CC,2024-02-16 13:55,2024-08-06 08:23,SC1
A2,DD2304CC,2024-07-08 09:36,2024-10-14 00:39,SC1
C20,AA6698DD,2024-07-25 00:03,2024-06-19 10:50,SC3
C4,EE8225GG,2024-03-25 03:48,2024-11-06 13:57,SC1
D2,EE9127GG,2024-10-07 23:11,2024-03-27 06:57,SC7
D14,EE1472BB,2024-06-15 15:58,2024-07-21 06:40,SC4
D19,DD2496GG,2024-10-31 09:18,2024-09-03 13:05,SC6
B1,EE9142CC,2024-04-19 14:49,2024-02-19 09:17,SC3
A5,AA9229FF,2024-02-18 07:15,2024-06-25 09:58,SC4
D1,EE7927DD,2024-10-07 12:33,2024-10-23 00:00,SC7
C13,CC5339CC,2024-05-27 08:34,2024-05-16 15:40,SC1
B8,BB6240GG,2024-09-12 23:12,2024-07-31 19:30,SC5
C3,BB6971DD,2024-08-25 04:31,2024-09-02 18:00,SC4
A2,DD8050GG,2024-01-26 17:56,2024-03-11 19:25,SC4
A6,BB7596CC,2024-10-30 19:32,2024-01-15 12:40,SC7
A4,CC7810DD,2024-07-18 18:22,2024-05-01 16:58,SC5
B2,DD2532FF,2024-10-01 07:01,2024-08-30 23:51,SC5
A8,CC8174GG,2024-09-21 04:04,2024-04-23 10:01,SC7
B20,DD9770FF,2024-07-02 06:54,2024-04-01 19:18,SC2
D19,BB1516CC,2024-05-15 09:10,2024-01-24 07:09,SC4
B12,EE1975DD,2024-04-08 23:35,2024-05-19 05:04,SC4
A9,DD6718BB,2024-09-16 21:23,2024-10-26 12:13,SC3
A11,DD5357BB,2024-01-09 11:29,2024-02-03 07:12,SC3
D10,AA4179CC,2024-03-09 09:48,2024-10-07 08:42,SC7
C2,EE3559GG,2024-09-15 17:03,2024-01-22 07:17,SC7
D9,EE2170GG,2024-09-02 03:25,2024-04-01 01:57,SC7
D11,CC4114GG,2024-06-06 12:34,2024-03-23 13:21,SC1
A3,DD9306BB,2024-04-29 05:04,2024-09-16 02:15,SC1
C2,AA2673GG,2024-03-26 16:02,2024-01-31 07:14,SC7
A20,DD3847CC,2024-05-11 20:48,2024-06-09 12:09,SC5
A2,EE8691CC,2024-06-03 09:18,2024-03-26 14:32,SC6
C12,BB9874GG,2024-08-11 13:56,2024-08-03 07:43,SC6
D4,EE9535FF,2024-06-20 09:15,2024-04-18 16:50,SC4
C3,AA9197BB,2024-08-06 22:44,2024-03-25 06:50,SC6
C15,EE7697FF,2024-07-30 20:30,2024-06-12 06:48,SC3
D6,BB8010BB,2024-08-04 08:40,2024-08-04 09:03,SC2
D14,BB8604BB,2024-03-10 08:06,2024-04-20 05:46,SC4
B13,CC3407DD,2024-03-24 18:10,2024-08-05 15:50,SC5
C2,AA4226CC,2024-04-29 04:15,2024-07-02 08:04,SC4
D2,BB9588BB,2024-02-04 16:04,2024-08-24 16:48,SC3
B6,CC2527GG,2024-09-03 08:05,2024-01-18 01:51,SC5
B1,BB9943FF,2024-09-16 00:45,2024-03-15 11:18,SC6
D2,DD3899GG,2024-06-08 05:48,2024-06-05 02:19,SC7
D5,AA8324CC,2024-03-15 21:35,2024-09-03 21:02,SC1
B2,DD2133BB,2024-05-03 15:52,2024-04-28 11:44,SC2
A7,EE7201CC,2024-11-09 03:33,2024-09-26 11:39,SC4
A4,BB3176FF,2024-04-09 18:28,2024-05-23 11:01,SC1
A9,AA9769GG,2024-04-09 07:32,2024-02-01 17:48,SC1
C3,EE4300DD,2024-04-14 08:09,2024-01-20 12:08,SC3
D10,BB4327FF,2024-08-19 07:57,2024-04-07 01:43,SC2
B9,CC1081DD,2024-03-20 08:15,2024-04-16 16:44,SC1
C8,AA1542BB,2024-10-26 02:53,2024-02-23 19:09,SC4
B1,BB6589GG,2024-09-24 23:52,2024-01-31 16:52,SC5
D5,EE4588CC,2024-07-20 14:03,2024-04-11 23:42,SC5
C5,DD1510DD,2024-06-22 08:03,2024-01-02 18:15,SC5
D3,DD5132FF,2024-02-13 04:00,2024-04-23 12:46,SC7
D14,EE5095BB,2024-02-04 17:28,2024-09-11 20:10,SC2
B10,DD1875BB,2024-01-14 19:21,2024-05-06 19:03,SC5
C13,EE3723FF,2024-06-30 07:56,2024-04-29 19:39,SC7
D18,EE9942FF,2024-04-05 06:30,2024-02-06 11:49,SC1
D18,BB8027FF,2024-02-27 11:29,2024-11-02 05:06,SC5
A8,CC8444DD,2024-02-21 08:43,2024-01-14 05:07,SC6
D9,CC4868DD,2024-07-17 20:03,2024-09-07 09:30,SC5
C20,CC4376FF,2024-06-21 20:11,2024-07-30 02:28,SC4
D5,CC4681BB,2024-05-08 16:54,2024-05-03 21:16,SC1
C1,DD6037FF,2024-05-13 07:44,2024-06-23 03:22,SC5
B20,EE5236CC,2024-02-08 15:42,2024-07-06 06:56,SC2
A17,BB3869BB,2024-05-07 15:10,2024-08-20 06:27,SC2
B15,CC2623BB,2024-05-19 15:02,2024-09-21 07:42,SC4
D4,AA7610DD,2024-09-06 16:08,2024-01-05 15:21,SC2
C14,EE6912GG,2024-04-29 16:12,2024-10-06 11:46,SC2
B3,EE8107BB,2024-03-02 10:05,2024-09-17 00:01,SC4
B13,CC5529FF,2024-01-25 22:06,2024-07-16 20:14,SC5
B13,CC8186DD,2024-04-21 09:34,2024-07-02 20:27,SC6
D19,DD1052FF,2024-07-30 04:57,2024-01-13 21:14,SC3
A8,EE7353FF,2024-03-25 02:01,2024-08-08 02:47,SC7
A10,BB6016BB,2024-06-20 02:15,2024-05-21 16:46,SC7
A11,DD5597DD,2024-10-01 23:36,2024-05-13 03:38,SC2
D16,BB2396GG,2024-08-07 16:42,2024-08-13 14:43,SC4
B14,BB2287BB,2024-08-28 01:02,2024-08-20 16:20,SC5
B8,DD3369CC,2024-03-17 10:25,2024-07-30 18:35,SC4
C16,CC3203CC,2024-05-31 10:01,2024-07-19 04:17,SC6
D12,EE2952GG,2024-07-18 18:40,2024-01-17 17:23,SC7
D13,AA3127GG,2024-04-15 06:07,2024-07-12 05:13,SC6
B17,EE3089BB,2024-04-01 01:01,2024-04-05 12:40,SC6
D18,CC3433BB,2024-05-19 05:38,2024-05-26 04:11,SC6
D12,DD3407DD,2024-01-01 17:05,2024-09-12 00:09,SC5
B10,AA7992DD,2024-03-29 01:18,2024-02-10 17:36,SC6
A4,DD9777GG,2024-11-06 12:19,2024-07-12 15:59,SC7
D3,CC9139BB,2024-01-05 22:10,2024-06-22 03:10,SC7
D9,AA1659DD,2024-02-04 04:24,2024-01-25 00:20,SC2
B15,BB9533GG,2024-03-30 06:57,2024-06-15 10:25,SC6
A16,AA2287CC,2024-07-12 07:53,2024-09-04 21:24,SC4
B9,DD4524GG,2024-03-04 10:26,2024-09-11 18:33,SC5
A7,EE7190GG,2024-02-12 13:32,2024-06-03 03:26,SC2
B11,DD5152FF,2024-04-02 10:03,2024-01-14 17:56,SC5
A7,DD6952FF,2024-02-05 23:22,2024-05-05 01:21,SC2
D17,BB6007DD,2024-04-30 14:01,2024-07-09 13:01,SC4
C7,EE4991FF,2024-09-19 22:14,2024-07-21 06:18,SC3
B8,BB6860DD,2024-08-10 03:05,2024-05-27 19:26,SC6
A5,EE4258BB,2024-10-21 12:08,2024-06-17 01:06,SC4
B5,DD7833CC,2024-08-24 07:27,2024-07-09 18:59,SC2
B11,DD1063DD,2024-10-30 16:13,2024-09-01 15:36,SC3
C1,EE4812FF,2024-07-18 13:57,2024-04-03 10:42,SC2
D8,EE4772GG,2024-04-22 07:31,2024-10-23 05:27,SC3
D9,EE4889BB,2024-01-06 03:03,2024-04-24 17:27,SC1
A15,DD3247FF,2024-08-14 12:18,2024-07-11 21:40,SC3
C1,BB6013FF,2024-06-21 19:30,2024-03-31 12:54,SC1
B20,EE2060BB,2024-05-09 04:12,2024-05-12 04:39,SC1
B20,BB3350GG,2024-06-03 22:58,2024-08-15 16:04,SC5
C1,BB3158GG,2024-08-29 16:12,2024-08-08 20:16,SC7
A20,EE7807DD,2024-01-01 07:49,2024-04-26 12:05,SC4
D10,AA3151GG,2024-03-19 14:36,2024-02-15 23:37,SC6
B19,CC4651CC,2024-09-22 10:56,2024-09-04 15:17,SC4
D18,BB1730FF,2024-01-30 22:10,2024-01-27 11:01,SC5
C8,BB8865GG,2024-04-28 12:58,2024-04-23 22:03,SC6
A3,CC9035GG,2024-01-13 07:51,2024-07-29 09:09,SC4
C14,EE1187BB,2024-01-14 21:11,2024-03-29 18:21,SC2
C7,CC1564BB,2024-04-17 03:26,2024-10-03 20:41,SC2
C2,DD2867BB,2024-06-01 05:46,2024-07-29 18:41,SC2
A19,CC2112CC,2024-01-19 20:30,2024-05-09 03:51,SC7
B7,CC3197GG,2024-01-31 08:23,2024-03-21 17:59,SC7
C17,CC6485DD,2024-04-14 20:50,2024-08-08 00:42,SC2
C6,EE9985FF,2024-03-22 05:31,2024-01-27 15:35,SC6
A4,CC1044BB,2024-04-06 00:07,2024-07-16 13:40,SC3
A10,AA1473GG,2024-11-03 15:15,2024-06-12 13:48,SC3
C14,BB4986GG,2024-03-30 05:46,2024-09-02 16:11,SC4
B10,CC9592CC,2024-08-10 10:23,2024-02-07 16:51,SC5
B6,CC1601FF,2024-09-23 05:47,2024-10-07 16:34,SC1
D1,BB2364CC,2024-03-29 11:58,2024-05-03 16:04,SC2
C6,DD4559GG,2024-05-23 14:39,2024-10-01 06:22,SC6
C4,DD3419DD,2024-02-17 08:45,2024-03-14 06:58,SC4
A2,AA1793CC,2024-09-01 06:03,2024-08-18 13:39,SC2
C6,BB4820CC,2024-01-31 03:59,2024-06-04 18:31,SC4
B10,DD5516CC,2024-03-10 18:52,2024-05-02 21:10,SC1
D1,BB9870GG,2024-01-26 09:49,2024-02-29 05:33,SC7
A8,BB6629CC,2024-09-10 19:14,2024-01-22 23:29,SC4
C19,DD9269BB,2024-05-26 16:29,2024-09-28 02:45,SC2
B14,EE7334DD,2024-08-27 14:58,2024-06-08 08:34,SC5
C11,AA8695FF,2024-01-03 23:20,2024-02-01 13:25,SC3
B15,EE2149BB,2024-01-11 15:56,2024-10-25 15:53,SC1
C16,EE3794BB,2024-02-23 08:50,2024-07-25 08:26,SC7
A20,EE1573BB,2024-04-09 06:54,2024-09-19 20:00,SC2
A11,BB8287BB,2024-10-19 19:46,2024-03-11 10:38,SC7
B2,AA1969DD,2024-07-02 12:50,2024-01-05 11:29,SC5
D1,EE7055FF,2024-07-09 01:40,2024-02-14 23:32,SC7
D18,CC5717BB,2024-08-17 12:13,2024-03-18 14:03,SC4
D3,CC8685BB,2024-04-03 10:53,2024-03-30 14:14,SC6
B7,EE7366FF,2024-01-31 04:43,2024-07-04 10:18,SC3
D2,CC4160BB,2024-08-22 19:21,2024-09-25 22:35,SC2
C9,CC7567GG,2024-06-19 19:19,2024-06-15 22:30,SC6
C2,DD4922GG,2024-03-04 14:29,2024-09-13 03:08,SC4
C7,EE6512GG,2024-01-01 06:02,2024-02-26 03:42,SC7
B17,BB9141GG,2024-06-28 20:27,2024-03-18 16:13,SC6
C2,DD8457DD,2024-09-10 22:22,2024-07-02 13:50,SC6
A9,CC7451CC,2024-04-22 09:49,2024-05-28 14:50,SC5
A20,DD6744GG,2024-06-08 04:59,2024-08-11 10:09,SC6
C20,BB3381BB,2024-06-24 07:32,2024-05-18 00:06,SC1
D16,DD4398CC,2024-07-28 04:17,2024-05-30 01:36,SC5
A3,BB7662DD,2024-05-06 13:20,2024-08-31 15:50,SC3
B20,EE4679FF,2024-08-12 05:48,2024-09-18 03:33,SC1
D8,DD2337CC,2024-06-16 10:35,2024-09-29 07:41,SC4
B1,EE8897CC,2024-06-12 07:27,2024-07-26 00:15,SC2
A10,EE5238CC,2024-03-03 06:24,2024-08-25 05:25,SC7
A4,DD4269CC,2024-02-03 06:54,2024-09-02 07:37,SC5
B20,AA4068CC,2024-06-09 22:09,2024-04-06 13:45,SC6
C7,DD7975DD,2024-06-13 09:54,2024-10-23 13:14,SC4
D4,AA3834CC,2024-05-31 14:46,2024-01-28 20:36,SC4
C4,BB8248DD,2024-04-09 11:56,2024-01-20 07:20,SC6
C18,CC7556GG,2024-09-03 06:44,2024-08-10 13:46,SC4
A11,CC4271FF,2024-06-18 19:49,2024-08-31 13:06,SC5
D13,BB4565FF,2024-06-28 05:17,2024-05-18 00:47,SC5
C5,AA6234BB,2024-05-28 18:51,2024-09-04 20:10,SC4
B8,CC5584DD,2024-11-03 08:09,2024-01-06 01:15,SC4
B4,DD5419GG,2024-06-20 01:31,2024-03-14 07:42,SC3
C7,AA8296DD,2024-08-24 01:39,2024-10-21 10:46,SC6
A4,EE7419CC,2024-01-01 02:58,2024-08-05 15:59,SC6
C7,CC5251FF,2024-02-27 09:28,2024-07-15 03:29,SC5
A10,CC4589FF,2024-06-16 14:10,2024-11-09 06:55,SC2
D3,CC5645FF,2024-02-18 19:40,2024-10-01 16:04,SC6
B12,AA9586BB,2024-04-01 06:21,2024-07-08 01:26,SC1
A18,BB2522DD,2024-01-30 21:25,2024-05-13 14:01,SC1
B7,AA5091DD,2024-07-05 12:36,2024-09-28 07:34,SC3
C11,BB7020BB,2024-09-06 02:22,2024-04-01 09:17,SC1
C8,AA9886BB,2024-08-09 10:16,2024-09-18 09:39,SC7
D9,EE4532FF,2024-03-12 05:54,2024-06-27 17:23,SC6
A16,EE4072BB,2024-09-16 15:02,2024-10-09 23:31,SC6
A10,EE3407GG,2024-07-23 11:34,2024-07-23 10:20,SC4
C12,CC8352FF,2024-09-22 10:42,2024-04-10 00:29,SC1
B6,BB3529GG,2024-10-24 08:01,2024-08-17 21:51,SC5
B14,BB9786FF,2024-06-26 23:42,2024-01-06 00:12,SC5
B3,AA8852FF,2024-08-14 04:01,2024-04-03 05:14,SC1
B7,CC1891FF,2024-06-15 03:37,2024-04-16 04:42,SC5
B11,AA8234DD,2024-03-15 09:19,2024-07-09 21:10,SC5
C7,BB3721DD,2024-06-20 15:44,2024-07-12 13:52,SC2
A7,CC4287CC,2024-08-24 12:36,2024-02-04 03:32,SC4
A15,BB7012GG,2024-09-01 23:00,2024-10-23 23:51,SC7
D13,DD1416GG,2024-01-16 15:39,2024-10-11 20:23,SC2
D16,BB5003CC,2024-10-25 09:50,2024-11-03 03:11,SC4
B20,BB6220FF,2024-08-24 02:31,2024-04-12 14:56,SC6
A2,CC5752CC,2024-04-19 08:47,2024-08-06 00:34,SC1
A3,DD5784CC,2024-03-18 22:54,2024-02-19 01:52,SC2
C14,CC7724BB,2024-10-09 18:28,2024-03-13 19:59,SC5
A3,EE5899BB,2024-10-21 06:41,2024-04-12 08:11,SC5
A3,BB6365FF,2024-07-22 20:21,2024-06-23 05:21,SC3
B9,EE7294DD,2024-03-16 01:01,2024-05-14 22:20,SC2
A2,BB1818DD,2024-02-21 00:14,2024-09-11 03:11,SC6
B10,DD9299FF,2024-08-22 19:59,2024-10-21 05:28,SC2
D11,AA4299BB,2024-03-11 16:37,2024-01-02 20:48,SC3
D16,EE1143BB,2024-10-03 20:11,2024-04-10 05:59,SC1
D13,DD3052FF,2024-09-25 21:29,2024-10-22 01:24,SC1
C2,EE4577CC,2024-01-09 17:59,2024-04-08 10:11,SC1
C1,BB5125GG,2024-09-10 08:08,2024-03-19 09:17,SC3
D19,BB7721FF,2024-06-16 12:40,2024-01-07 05:38,SC4
A15,BB8597GG,2024-06-27 08:11,2024-03-07 02:06,SC4
D8,BB4728GG,2024-10-28 05:58,2024-06-24 13:11,SC3
B13,DD5795BB,2024-10-09 02:06,2024-02-24 20:14,SC3
D11,DD3130FF,2024-04-05 11:41,2024-10-03 02:51,SC6
B16,BB6754CC,2024-09-05 04:33,2024-09-17 00:52,SC1
C16,CC6183CC,2024-05-13 08:11,2024-06-06 10:49,SC4
B1,EE2390DD,2024-03-20 04:01,2024-07-13 10:45,SC2
B3,AA8487GG,2024-01-26 14:27,2024-01-06 22:58,SC3
A1,CC5065GG,2024-10-10 22:54,2024-10-15 16:30,SC5
C12,DD2714DD,2024-03-01 07:48,2024-04-03 11:46,SC2
A16,AA2397GG,2024-06-28 13:54,2024-06-04 07:28,SC5
C5,EE9818BB,2024-06-02 06:43,2024-01-14 12:22,SC7
C5,DD7278CC,2024-09-24 17:32,2024-03-12 02:23,SC2
B18,EE6318CC,2024-03-24 07:47,2024-08-01 01:45,SC5
B20,CC4112BB,2024-01-04 08:16,2024-10-23 02:11,SC5
C20,BB2946CC,2024-04-13 19:09,2024-05-12 04:28,SC4
D10,DD1406FF,2024-10-14 03:32,2024-03-31 14:52,SC2
A18,AA6298GG,2024-01-23 18:59,2024-09-11 10:05,SC7
D7,CC7281DD,2024-04-21 09:28,2024-07-03 02:58,SC3
C14,AA4337FF,2024-08-24 09:33,2024-04-10 07:32,SC7
D10,EE8295GG,2024-07-12 16:43,2024-05-21 20:56,SC4
A20,DD2421CC,2024-10-25 19:44,2024-06-10 04:41,SC5
C16,DD3311DD,2024-05-13 15:58,2024-09-21 02:10,SC4
A2,AA6678CC,2024-06-15 11:06,2024-01-19 22:16,SC6
A6,DD4449GG,2024-07-24 09:11,2024-05-09 13:02,SC4
D9,EE1171GG,2024-10-21 00:54,2024-09-11 04:57,SC4
D10,BB9267BB,2024-10-07 11:15,2024-05-18 09:26,SC6
D19,BB3890CC,2024-09-07 06:24,2024-08-31 12:39,SC2
B1,CC9014FF,2024-01-06 04:44,2024-10-18 17:09,SC4
C4,CC6852FF,2024-09-25 02:03,2024-09-09 00:38,SC4
D11,CC6423CC,2024-08-25 01:28,2024-05-29 09:14,SC3
C17,AA6631CC,2024-06-07 22:23,2024-01-16 22:58,SC6
A17,BB4082FF,2024-01-15 19:23,2024-02-15 19:19,SC4
B17,EE3401BB,2024-10-16 11:31,2024-10-17 12:31,SC3
D7,EE5922CC,2024-06-06 05:38,2024-01-04 09:19,SC4
A11,AA7371DD,2024-08-20 16:40,2024-03-22 17:04,SC5
D18,DD1984DD,2024-10-18 06:02,2024-05-14 14:44,SC7
C3,DD2848FF,2024-06-15 09:10,2024-10-26 18:18,SC2
A7,CC1331GG,2024-10-24 11:41,2024-06-09 22:51,SC3
C9,EE2031CC,2024-01-30 17:01,2024-07-20 20:39,SC5
B12,EE1929CC,2024-01-04 22:37,2024-10-21 09:07,SC7
A6,CC5831GG,2024-04-12 02:48,2024-07-08 04:18,SC3
A9,AA6072DD,2024-03-19 00:34,2024-09-07 08:37,SC5
A4,AA2523FF,2024-06-08 19:50,2024-07-14 00:25,SC1
C11,CC3453GG,2024-09-17 07:07,2024-03-07 13:07,SC4
D2,DD4710DD,2024-06-06 00:17,2024-04-29 02:50,SC2
A4,DD4474BB,2024-10-15 00:16,2024-11-01 19:42,SC2
A4,DD6074DD,2024-05-31 18:15,2024-10-01 21:43,SC2
B15,BB7221FF,2024-03-04 21:02,2024-03-02 09:52,SC3
A11,CC5117FF,2024-03-27 02:32,2024-06-26 05:12,SC4
C12,BB3351GG,2024-08-23 20:06,2024-02-05 15:01,SC7
C13,BB5430DD,2024-08-13 20:24,2024-04-02 17:33,SC4
A8,BB7561DD,2024-06-09 04:27,2024-08-08 03:55,SC7
D6,DD4214CC,2024-07-14 16:10,2024-04-03 17:32,SC1
A19,AA7642GG,2024-10-27 12:53,2024-07-13 13:46,SC6
C17,DD7272FF,2024-06-24 20:31,2024-02-22 19:09,SC7
C13,DD8125FF,2024-07-07 19:31,2024-06-05 09:07,SC1
B9,AA7955FF,2024-01-26 17:03,2024-02-12 13:14,SC1
D5,EE9808DD,2024-05-06 19:33,2024-08-30 22:06,SC3
A6,BB6150DD,2024-05-28 00:31,2024-05-27 21:18,SC7
A7,DD2694BB,2024-02-01 19:10,2024-02-28 20:59,SC6
A17,AA8462DD,2024-06-21 03:42,2024-08-13 02:26,SC1
C8,EE9181FF,2024-08-16 04:05,2024-10-09 06:34,SC3
A1,EE4523DD,2024-02-23 16:17,2024-04-28 02:02,SC3
D8,AA4594CC,2024-05-12 20:23,2024-03-19 08:24,SC1
C19,BB9269CC,2024-06-21 09:20,2024-02-10 17:29,SC2
D6,AA7302GG,2024-05-27 01:19,2024-07-31 16:02,SC7
C18,DD4793GG,2024-04-21 10:04,2024-04-08 21:45,SC3
D7,DD8835DD,2024-01-10 12:21,2024-02-15 02:20,SC3
C10,CC9011CC,2024-06-09 23:42,2024-08-28 19:08,SC7
A2,AA5737DD,2024-10-01 02:30,2024-10-23 03:47,SC2
D16,DD8804GG,2024-08-18 13:45,2024-08-16 10:28,SC2
A14,DD6113BB,2024-04-11 02:58,2024-06-11 07:54,SC1
D16,BB4613BB,2024-07-11 05:07,2024-09-29 09:52,SC5
D17,CC5457CC,2024-11-02 10:58,2024-02-04 20:19,SC5
A9,DD3861GG,2024-05-22 23:33,2024-10-19 16:38,SC6
A5,CC8236GG,2024-07-26 11:07,2024-08-05 05:09,SC2
B13,CC6124GG,2024-03-22 15:29,2024-04-02 01:06,SC1
A14,EE8126CC,2024-10-08 03:43,2024-06-24 20:19,SC5
D3,EE7665DD,2024-02-23 12:47,2024-08-13 06:37,SC6
B2,AA7221DD,2024-05-10 19:42,2024-10-05 03:58,SC6
D11,EE7445BB,2024-08-15 16:37,2024-06-07 05:29,SC3
C10,CC8931DD,2024-04-06 23:24,2024-08-12 14:28,SC4
A12,DD1070BB,2024-10-29 05:09,2024-03-05 15:40,SC1
A7,DD1148GG,2024-10-22 22:41,2024-07-01 06:29,SC3
C2,EE6914DD,2024-10-31 21:42,2024-05-25 06:41,SC3
D3,DD7990BB,2024-05-22 09:02,2024-09-10 03:53,SC1
B10,AA8424CC,2024-10-18 16:40,2024-05-16 23:58,SC2
B14,AA9854FF,2024-02-29 19:04,2024-11-02 23:43,SC6
C16,AA7633DD,2024-05-10 17:29,2024-07-14 11:50,SC4
B3,EE8516BB,2024-10-17 16:57,2024-08-09 19:38,SC4
B6,DD8517DD,2024-10-20 04:46,2024-04-07 15:43,SC6
C4,EE4775DD,2024-01-13 12:28,2024-08-12 10:06,SC6
C17,DD4676GG,2024-01-10 12:41,2024-08-16 06:04,SC7
B17,EE2467BB,2024-07-28 16:51,2024-01-01 18:39,SC7
A8,EE1785DD,2024-05-27 07:28,2024-09-18 10:06,SC1
C17,CC3334BB,2024-04-01 01:06,2024-09-04 19:21,SC3
C14,AA7199FF,2024-10-13 01:43,2024-04-06 02:23,SC6
B8,AA7452GG,2024-08-11 19:00,2024-10-24 13:34,SC3
C6,DD1119DD,2024-01-18 22:46,2024-09-25 04:51,SC3
A8,EE2125GG,2024-03-24 23:45,2024-06-03 05:38,SC6
B19,CC4933GG,2024-11-04 01:35,2024-10-31 01:46,SC6
B18,EE9298GG,2024-10-24 01:20,2024-07-15 16:10,SC7
D6,BB6424GG,2024-08-11 18:40,2024-07-03 06:33,SC5
D2,AA8659CC,2024-09-30 14:40,2024-09-12 19:53,SC7
B17,EE9486GG,2024-03-18 06:43,2024-04-01 12:18,SC3
D7,AA8005BB,2024-05-07 07:27,2024-01-08 18:22,SC5
A1,DD1399GG,2024-10-15 03:16,2024-08-29 23:53,SC2
D20,EE1509BB,2024-10-24 08:09,2024-07-28 10:03,SC2
A12,EE4029DD,2024-10-27 09:55,2024-03-31 12:10,SC2
C20,DD3006FF,2024-05-12 16:12,2024-10-15 21:40,SC3
B11,CC7165BB,2024-10-04 07:45,2024-11-08 06:10,SC4
A13,EE6455CC,2024-01-19 03:30,2024-03-08 06:50,SC6
C5,AA6739GG,2024-08-30 09:42,2024-01-17 13:30,SC4
C5,AA8250GG,2024-03-11 18:58,2024-04-01 03:38,SC4
B12,DD1753CC,2024-06-04 19:33,2024-04-02 11:19,SC1
D9,BB4221DD,2024-03-27 14:53,2024-02-13 17:12,SC5
C14,DD7604DD,2024-02-01 05:19,2024-03-11 17:03,SC2
D14,AA7576BB,2024-11-06 10:21,2024-10-23 10:39,SC6
C2,DD1019FF,2024-09-29 18:21,2024-02-25 08:27,SC5
B7,EE9313DD,2024-10-18 04:04,2024-09-20 22:09,SC5
D19,CC6895CC,2024-02-28 00:40,2024-03-29 00:40,SC3
C9,BB9211DD,2024-01-01 22:02,2024-09-20 21:57,SC6
B5,CC7696DD,2024-10-11 11:34,2024-06-03 19:19,SC3
B20,CC7395FF,2024-10-04 06:14,2024-01-02 21:52,SC4
D9,EE3924BB,2024-02-27 07:55,2024-08-30 10:02,SC4
C4,DD3981FF,2024-04-08 01:53,2024-11-04 23:47,SC3
B5,EE2041DD,2024-05-01 18:45,2024-07-01 02:27,SC7
B17,EE1206BB,2024-04-11 15:15,2024-04-07 19:19,SC4
B7,EE4237CC,2024-05-03 22:32,2024-10-10 16:55,SC2
D7,BB1939DD,2024-01-18 06:34,2024-09-23 05:00,SC7
B15,BB8526DD,2024-03-05 15:39,2024-02-16 12:35,SC6
A9,AA3262FF,2024-08-22 17:33,2024-04-20 00:42,SC5
D2,BB2133CC,2024-05-16 21:51,2024-08-26 10:26,SC6
D9,CC5625GG,2024-09-24 02:27,2024-10-01 18:36,SC1
C12,AA8950BB,2024-10-25 17:40,2024-06-22 01:04,SC4
D10,DD1986BB,2024-04-11 18:48,2024-01-10 12:51,SC7
D1,EE3967FF,2024-01-05 04:34,2024-06-21 00:57,SC5
B4,EE2127FF,2024-07-05 23:32,2024-06-29 16:29,SC2
D11,EE9232DD,2024-10-16 19:24,2024-07-09 15:14,SC4
A9,BB4447DD,2024-04-27 19:27,2024-04-01 11:31,SC4
A16,AA6377GG,2024-05-04 09:55,2024-07-04 14:35,SC4
B6,CC6234BB,2024-10-05 20:15,2024-04-11 14:18,SC5
A17,CC2664BB,2024-11-02 13:24,2024-09-28 03:37,SC1
C20,CC8059DD,2024-06-17 14:12,2024-05-07 15:11,SC3
C4,CC7501GG,2024-04-04 01:46,2024-05-25 12:23,SC7
A12,EE2399GG,2024-09-27 23:59,2024-02-03 23:53,SC7
D15,BB8861GG,2024-10-28 10:00,2024-01-07 02:29,SC1
B8,BB3528FF,2024-02-29 10:28,2024-03-11 18:41,SC2
D12,EE3213FF,2024-06-01 07:52,2024-10-22 22:13,SC3
D9,CC5126GG,2024-08-20 18:09,2024-09-18 06:40,SC1
B12,DD8502FF,2024-05-02 22:12,2024-09-20 14:43,SC4
C20,CC5176DD,2024-01-23 08:39,2024-05-30 21:46,SC4
A3,DD4061DD,2024-02-10 14:38,2024-07-12 16:55,SC6
A9,CC5023CC,2024-04-15 02:53,2024-07-29 13:13,SC6
C14,EE9750DD,2024-03-02 23:11,2024-06-08 17:40,SC5
D17,AA4528GG,2024-06-24 02:26,2024-07-24 06:13,SC6
D17,EE5948BB,2024-03-15 23:53,2024-01-03 02:51,SC6
A18,BB4614DD,2024-07-30 12:39,2024-08-16 03:53,SC3
B1,DD9414BB,2024-03-09 02:06,2024-08-05 00:37,SC7
C1,DD7446DD,2024-01-05 02:07,2024-05-15 12:57,SC7
C4,BB2157BB,2024-07-27 17:52,2024-11-04 06:18,SC4
A12,BB2944DD,2024-05-14 19:28,2024-02-27 18:47,SC3
A8,DD3145BB,2024-02-07 00:18,2024-11-03 10:29,SC5
B9,CC4352FF,2024-09-08 06:05,2024-10-31 01:49,SC7
C18,BB5985CC,2024-10-26 02:55,2024-05-21 06:23,SC4
B19,AA9389DD,2024-07-24 23:26,2024-02-24 18:44,SC5
B2,AA2231CC,2024-04-05 05:42,2024-10-05 01:36,SC3
A19,DD9826CC,2024-05-02 21:02,2024-02-04 10:58,SC7
C11,AA6306GG,2024-02-18 10:40,2024-11-01 11:56,SC1
C18,CC4603CC,2024-05-23 15:01,2024-03-26 13:42,SC7
A8,BB8858DD,2024-03-19 06:55,2024-01-14 22:27,SC4
B5,BB1957CC,2024-03-21 18:44,2024-07-18 21:15,SC1
A17,EE2825CC,2024-04-21 12:24,2024-01-26 06:55,SC1
D15,CC4095GG,2024-10-29 07:36,2024-01-17 15:51,SC4
A11,CC9280BB,2024-08-07 11:41,2024-04-10 07:12,SC5
C15,BB8018DD,2024-08-06 20:16,2024-11-05 17:27,SC3
B6,CC1325FF,2024-07-06 07:10,2024-05-19 10:08,SC6
A11,EE3709FF,2024-10-31 17:17,2024-01-23 19:16,SC2
C18,DD3381GG,2024-07-01 15:15,2024-07-17 08:17,SC3
B19,DD6786GG,2024-07-10 19:10,2024-06-05 20:41,SC2
C9,EE6362FF,2024-10-24 15:13,2024-11-01 13:26,SC1
A4,BB7244DD,2024-10-16 06:19,2024-05-10 04:05,SC7
C5,AA4502BB,2024-10-29 06:02,2024-05-12 15:04,SC7
B11,AA5923CC,2024-01-22 10:31,2024-08-30 14:14,SC3
B16,DD7979BB,2024-08-23 10:46,2024-03-06 11:20,SC4
C3,AA3311GG,2024-05-12 16:19,2024-03-06 08:20,SC6
D5,EE5839FF,2024-08-20 00:32,2024-02-04 16:51,SC7
C12,EE7898BB,2024-08-15 08:28,2024-01-14 12:58,SC4
D16,CC1160CC,2024-07-21 10:26,2024-08-16 13:24,SC1
A12,EE2841DD,2024-07-29 17:41,2024-01-25 21:15,SC2
A5,EE8228FF,2024-04-07 21:45,2024-01-22 09:55,SC2
D9,DD8502DD,2024-01-24 03:54,2024-01-23 20:05,SC4
A18,BB3316CC,2024-11-09 02:15,2024-07-13 04:06,SC1
D16,BB8221CC,2024-08-22 05:11,2024-02-14 21:50,SC3
B14,EE7378DD,2024-05-13 22:58,2024-07-15 20:39,SC4
D10,DD8871DD,2024-09-27 23:15,2024-02-09 20:26,SC3
D8,EE4774BB,2024-09-28 15:39,2024-05-26 20:15,SC2
B14,DD7065FF,2024-04-01 08:06,2024-07-27 13:43,SC2
A16,CC7883GG,2024-10-26 11:20,2024-06-26 04:32,SC6
D16,BB1240FF,2024-03-16 01:47,2024-08-01 09:32,SC7
C6,CC2099GG,2024-02-15 04:16,2024-05-31 02:59,SC7
B18,BB6804DD,2024-06-03 13:29,2024-05-06 08:03,SC2
D20,EE4225DD,2024-08-01 19:43,2024-03-03 14:37,SC1
B4,EE2796FF,2024-03-27 10:23,2024-05-11 19:17,SC1
B13,AA4975CC,2024-06-16 00:58,2024-01-14 15:58,SC2
D12,BB5596CC,2024-08-04 01:55,2024-07-29 21:46,SC7
C11,DD1553DD,2024-06-26 20:29,2024-04-25 20:42,SC4
B13,DD5025BB,2024-05-10 00:15,2024-09-28 22:29,SC6
B14,BB9263GG,2024-03-02 03:11,2024-05-27 02:56,SC6
A3,EE1539DD,2024-10-18 08:35,2024-06-26 06:57,SC5
C20,BB8035FF,2024-06-23 12:59,2024-07-10 18:17,SC6
D7,CC4972BB,2024-01-25 08:52,2024-06-19 12:36,SC5
D15,AA2319CC,2024-06-28 19:14,2024-05-24 00:07,SC3
A18,AA8598BB,2024-09-28 18:19,2024-05-07 08:23,SC5
A1,EE7520CC,2024-03-21 09:58,2024-01-12 07:15,SC4
D16,EE5710CC,2024-05-07 12:41,2024-01-04 23:43,SC5
C8,AA4864DD,2024-06-04 12:50,2024-10-27 02:42,SC5
D7,AA3022CC,2024-05-10 05:54,2024-09-30 02:45,SC7
B20,BB9581BB,2024-09-15 10:53,2024-05-26 13:23,SC2
D5,BB5146CC,2024-09-26 10:51,2024-07-18 20:46,SC5
A8,AA5865GG,2024-11-04 01:50,2024-01-04 03:23,SC1
A12,EE5313DD,2024-02-15 03:03,2024-03-22 03:10,SC4
D13,DD2065FF,2024-03-23 22:48,2024-01-29 00:35,SC7
A3,EE2504CC,2024-06-27 21:20,2024-05-11 20:51,SC4
C14,EE5718GG,2024-05-21 09:36,2024-05-12 17:32,SC3
C6,CC3001GG,2024-04-22 03:03,2024-01-01 11:02,SC3
C9,DD8563FF,2024-06-09 22:50,2024-10-18 22:34,SC2
D20,EE5862FF,2024-06-15 04:59,2024-01-22 02:46,SC6
D15,EE1385CC,2024-04-09 15:54,2024-07-17 09:34,SC3
B4,AA1783GG,2024-03-29 22:19,2024-07-29 11:22,SC2
A3,EE7765BB,2024-02-15 18:29,2024-06-04 04:32,SC7
D19,EE2635FF,2024-10-16 06:15,2024-05-26 07:47,SC5
D2,CC3573GG,2024-02-27 02:52,2024-08-02 08:23,SC1
D10,EE3955FF,2024-01-06 14:36,2024-02-19 11:55,SC5
D7,EE7120GG,2024-10-17 22:17,2024-10-11 04:15,SC4
C5,CC5512FF,2024-10-04 13:00,2024-02-11 16:20,SC3
D11,AA9660FF,2024-06-19 00:08,2024-07-05 12:31,SC2
B7,AA5860CC,2024-10-13 16:23,2024-08-27 11:58,SC1
C14,BB9653DD,2024-08-01 10:39,2024-04-23 12:45,SC4
D10,CC2702CC,2024-03-12 19:36,2024-04-12 06:18,SC5
C3,DD7733FF,2024-08-30 00:18,2024-01-22 21:01,SC2
D5,DD9295FF,2024-10-05 10:19,2024-08-13 18:27,SC2
A17,EE9862DD,2024-02-08 01:28,2024-08-30 09:00,SC7
A5,EE3003DD,2024-05-12 22:33,2024-06-07 05:30,SC2
C19,EE9380FF,2024-01-23 07:12,2024-03-20 02:02,SC6
C18,CC5746CC,2024-06-01 15:04,2024-09-29 16:03,SC1
C14,BB6318DD,2024-06-29 05:22,2024-10-16 14:37,SC5
A7,CC1539GG,2024-06-13 17:27,2024-07-29 10:17,SC3
C1,EE7743CC,2024-03-03 07:24,2024-08-30 08:57,SC2
D20,BB3364BB,2024-07-12 01:56,2024-08-14 10:35,SC6
A20,EE5466CC,2024-01-11 22:14,2024-05-10 04:41,SC6
C7,EE6565GG,2024-08-12 07:33,2024-05-01 21:42,SC3
A14,CC6753CC,2024-09-08 00:43,2024-07-20 04:58,SC1
B8,AA1919BB,2024-07-03 15:53,2024-02-01 03:05,SC7
D18,CC5889DD,2024-02-29 11:48,2024-10-28 21:05,SC1
D9,AA6353GG,2024-03-20 16:13,2024-09-01 20:04,SC6
C2,EE7725CC,2024-08-16 08:50,2024-07-08 09:25,SC3
A19,CC9228DD,2024-07-26 20:50,2024-03-23 18:38,SC2
B18,DD2655BB,2024-03-06 21:49,2024-03-12 10:18,SC4
C16,CC1155FF,2024-06-28 22:06,2024-07-04 11:47,SC4
A6,BB4454FF,2024-09-28 00:13,2024-03-19 04:51,SC7
D3,CC3146GG,2024-06-10 15:37,2024-03-02 20:52,SC7
B6,BB8407FF,2024-09-30 15:00,2024-10-05 10:40,SC1
A19,DD1834BB,2024-01-28 11:37,2024-08-08 00:40,SC4
D5,BB6101CC,2024-01-26 19:47,2024-09-07 22:06,SC1
C1,BB5014GG,2024-01-16 03:08,2024-08-09 17:00,SC4
D9,BB3498BB,2024-10-04 04:49,2024-06-05 04:11,SC4
D20,BB6526CC,2024-01-10 00:10,2024-02-12 09:48,SC5
A16,BB3346GG,2024-10-11 08:29,2024-06-03 23:35,SC5
A19,CC5428BB,2024-06-05 15:20,2024-09-16 18:15,SC5
B15,EE6872FF,2024-01-16 01:26,2024-08-05 21:07,SC1
A19,CC6546DD,2024-03-30 09:35,2024-10-08 02:14,SC4
A4,BB4634CC,2024-03-17 20:45,2024-08-27 17:40,SC3
D17,AA2561BB,2024-02-13 20:19,2024-10-16 15:53,SC5
B15,CC2105GG,2024-05-22 13:31,2024-09-14 14:45,SC5
C8,CC2256GG,2024-08-12 11:44,2024-05-22 00:37,SC6
D14,AA2746GG,2024-11-01 08:02,2024-08-25 16:47,SC6
C8,DD9905CC,2024-05-06 07:52,2024-05-22 04:26,SC1
D5,BB1321CC,2024-08-02 08:23,2024-04-11 18:08,SC1
D13,BB6331CC,2024-07-04 07:40,2024-05-15 15:49,SC2
C14,DD4012FF,2024-10-22 06:08,2024-04-28 09:35,SC5
D9,EE4830FF,2024-10-25 02:34,2024-08-05 09:23,SC4
C9,DD5420CC,2024-03-30 00:28,2024-01-21 21:25,SC6
D11,AA1110DD,2024-01-03 05:02,2024-10-31 08:39,SC2
B5,DD9351CC,2024-09-08 04:54,2024-04-17 03:04,SC2
A20,DD8955CC,2024-05-13 22:12,2024-01-25 19:48,SC4
C14,CC2342BB,2024-05-13 20:02,2024-02-26 18:30,SC1
A1,AA3161BB,2024-01-16 07:22,2024-08-02 08:14,SC4
D16,CC1413DD,2024-03-30 05:01,2024-09-04 04:50,SC4
C11,CC6618DD,2024-08-07 14:43,2024-04-21 14:02,SC3
B8,AA3096GG,2024-05-11 06:59,2024-01-18 19:52,SC6
B8,DD1255FF,2024-07-17 02:28,2024-05-04 18:11,SC1
A6,AA7155BB,2024-10-28 05:34,2024-10-05 06:09,SC1
C6,BB5861BB,2024-04-29 09:27,2024-06-02 17:38,SC1
B14,DD3943CC,2024-09-16 00:33,2024-04-04 21:28,SC2
A10,AA2608FF,2024-07-02 15:06,2024-01-14 11:14,SC1
B5,CC1038GG,2024-03-20 14:04,2024-08-16 23:42,SC1
B20,BB4496DD,2024-07-01 18:23,2024-10-08 06:46,SC2
D9,CC7762CC,2024-08-08 23:28,2024-07-09 11:50,SC5
B14,DD3166DD,2024-04-08 11:14,2024-01-11 20:24,SC7
D11,AA3002CC,2024-06-11 19:42,2024-10-17 23:33,SC2
B13,EE2645CC,2024-03-20 21:05,2024-10-30 22:30,SC1
D12,CC8958FF,2024-10-03 11:05,2024-10-09 20:27,SC2
D9,EE6738DD,2024-03-18 04:48,2024-04-15 04:37,SC3
C17,CC7563CC,2024-01-25 08:39,2024-04-27 19:59,SC1
A5,EE4662BB,2024-06-17 16:12,2024-07-15 06:25,SC3
C11,EE7905CC,2024-06-30 02:40,2024-08-14 09:45,SC5
C10,CC9943BB,2024-03-17 18:30,2024-01-27 23:15,SC3
C2,DD5407CC,2024-06-21 09:44,2024-03-07 03:51,SC2
C19,EE1532FF,2024-06-26 13:34,2024-05-03 01:34,SC5
A1,BB7805DD,2024-05-29 06:16,2024-09-11 14:23,SC6
B20,CC4805DD,2024-05-29 01:39,2024-02-07 15:35,SC2
A6,EE4186FF,2024-05-28 05:03,2024-02-24 14:13,SC3
A9,BB1720DD,2024-08-21 05:24,2024-08-24 04:09,SC7
D11,AA4174BB,2024-05-25 00:17,2024-05-25 10:42,SC5
B3,EE8693FF,2024-04-08 11:42,2024-04-01 18:02,SC7
C12,BB5602DD,2024-10-05 01:13,2024-01-23 17:48,SC5
D11,BB3876DD,2024-07-22 15:56,2024-08-14 18:02,SC7
A15,DD4213CC,2024-09-11 05:35,2024-02-12 16:09,SC4
B2,AA4645FF,2024-04-14 10:16,2024-09-30 21:49,SC4
B8,AA1254DD,2024-01-08 02:43,2024-09-15 14:27,SC7
D13,EE3229DD,2024-04-25 17:08,2024-06-08 04:31,SC4
D13,AA5475GG,2024-05-19 19:19,2024-07-04 11:40,SC4
D8,EE2813GG,2024-02-28 22:58,2024-04-03 12:47,SC3
C3,BB1456DD,2024-11-07 02:49,2024-01-20 14:40,SC7
D13,DD9006GG,2024-09-24 09:48,2024-09-03 18:42,SC3
B10,BB8477GG,2024-10-12 01:33,2024-08-18 12:12,SC1
B8,DD3230GG,2024-04-27 07:33,2024-02-08 06:31,SC4
B3,BB5881FF,2024-08-13 12:13,2024-08-02 10:29,SC1
D12,AA5897BB,2024-02-05 15:40,2024-10-06 11:46,SC3
A12,AA7755CC,2024-06-10 21:55,2024-07-26 06:57,SC3
B2,AA4094FF,2024-09-24 05:06,2024-01-11 21:44,SC5
D20,DD2071CC,2024-05-21 00:53,2024-03-18 19:09,SC5
A6,DD7535CC,2024-06-12 17:07,2024-04-13 01:00,SC6
A13,CC9170FF,2024-06-22 18:48,2024-02-13 09:29,SC2
B6,CC6624BB,2024-04-15 02:14,2024-04-09 13:44,SC6
B15,CC2784BB,2024-08-23 12:00,2024-10-21 23:30,SC7
A20,DD7858CC,2024-09-03 15:33,2024-06-08 16:23,SC5
D3,CC1661CC,2024-07-19 14:01,2024-01-08 07:06,SC7
D9,EE9276BB,2024-02-15 14:36,2024-07-11 12:56,SC5
A8,DD2204DD,2024-05-10 20:07,2024-05-31 11:05,SC1
D14,CC4480BB,2024-11-03 14:14,2024-04-07 06:43,SC7
C10,CC8644GG,2024-10-09 04:24,2024-07-01 16:46,SC3
B1,DD2590BB,2024-04-29 02:40,2024-07-09 14:42,SC7
A2,CC1744FF,2024-10-03 15:16,2024-03-12 17:14,SC7
D4,EE1621DD,2024-03-29 23:43,2024-04-25 16:31,SC6
D13,DD3562GG,2024-05-24 20:49,2024-01-09 10:49,SC3
D15,DD3914BB,2024-02-25 09:33,2024-01-24 21:01,SC6
D13,DD4291FF,2024-03-14 03:30,2024-10-29 06:41,SC5
A10,CC8060DD,2024-05-07 23:18,2024-09-05 13:34,SC1
A15,CC5105CC,2024-01-07 18:53,2024-08-20 22:42,SC4
D16,BB3921BB,2024-08-26 12:25,2024-05-17 07:59,SC7
D2,AA3727BB,2024-01-06 15:34,2024-09-29 07:53,SC2
A14,BB4677CC,2024-05-28 10:03,2024-11-05 00:54,SC6
C5,CC3205FF,2024-08-11 08:09,2024-02-23 04:58,SC5
B18,BB8362CC,2024-06-11 03:22,2024-05-01 03:39,SC1
D17,AA5925DD,2024-07-12 16:13,2024-11-03 07:04,SC1
D19,AA5371BB,2024-05-24 05:21,2024-01-27 08:13,SC4
A4,AA3101GG,2024-04-29 03:49,2024-09-28 01:29,SC1
D8,DD8770DD,2024-05-19 17:22,2024-09-09 21:12,SC5
B16,EE1935CC,2024-03-08 01:18,2024-05-22 00:17,SC1
B12,BB7456FF,2024-01-23 04:45,2024-07-19 04:10,SC6
B9,EE4036DD,2024-05-16 19:10,2024-11-03 04:22,SC7
D1,EE1406GG,2024-09-01 16:02,2024-10-17 08:13,SC6
D15,CC9678GG,2024-06-13 20:37,2024-05-01 04:44,SC1
D5,DD6753GG,2024-07-10 08:22,2024-08-22 19:25,SC6
D14,EE6745FF,2024-04-12 09:09,2024-07-04 04:31,SC5
C20,CC6083CC,2024-01-10 22:19,2024-10-07 15:29,SC2
D20,DD9802BB,2024-07-11 05:40,2024-07-06 03:09,SC1
D3,AA7563DD,2024-09-16 02:15,2024-05-29 06:55,SC3
A20,DD4055BB,2024-05-16 07:20,2024-08-22 05:53,SC1
B10,AA4300BB,2024-02-26 00:02,2024-02-20 03:50,SC1
A9,BB6346BB,2024-10-14 13:12,2024-02-14 12:17,SC5
B2,BB2725DD,2024-09-23 10:17,2024-01-06 13:42,SC6
A10,BB7026GG,2024-06-04 10:46,2024-02-16 07:30,SC2
D18,CC7365CC,2024-05-19 02:54,2024-02-15 03:09,SC1
A10,EE1304FF,2024-04-12 10:37,2024-01-13 01:10,SC4
B1,CC3491GG,2024-10-06 13:33,2024-10-25 15:51,SC3
C9,EE7334CC,2024-08-12 04:33,2024-05-13 18:00,SC5
B19,CC6147GG,2024-09-13 16:51,2024-07-29 11:12,SC5
B4,EE3036FF,2024-07-09 15:53,2024-10-08 09:09,SC7
D6,CC6437FF,2024-01-29 19:22,2024-10-13 20:35,SC6
C5,BB4021FF,2024-08-23 13:15,2024-07-25 11:12,SC7
D16,EE3612BB,2024-06-24 07:50,2024-11-02 18:01,SC1
C6,BB8435FF,2024-08-25 00:42,2024-07-25 18:23,SC2
B7,EE1825CC,2024-01-18 08:47,2024-08-24 02:42,SC3
A13,EE3152BB,2024-07-31 22:51,2024-06-21 11:25,SC1
B13,BB1560BB,2024-06-20 17:09,2024-03-01 20:32,SC7
A12,EE8896FF,2024-06-16 23:54,2024-06-30 06:37,SC4
D20,DD3812BB,2024-01-24 12:57,2024-01-01 15:19,SC5
A19,CC2708FF,2024-02-17 10:00,2024-08-06 10:59,SC2
D11,EE8940BB,2024-02-16 00:07,2024-03-19 00:00,SC1
B8,DD3249GG,2024-07-26 08:36,2024-01-07 07:23,SC1
C15,BB6818BB,2024-08-07 14:53,2024-08-08 10:27,SC1
D6,EE1989BB,2024-03-07 12:47,2024-01-24 07:55,SC3
C5,CC8344BB,2024-08-24 08:02,2024-05-27 20:53,SC6
A16,CC2502CC,2024-07-04 20:20,2024-10-23 09:11,SC5
C15,BB6855DD,2024-01-06 16:53,2024-01-30 14:17,SC4
D13,CC5892CC,2024-09-15 05:05,2024-05-07 09:59,SC4
B12,EE4693FF,2024-05-18 01:02,2024-05-07 23:57,SC5
C11,EE1001DD,2024-09-22 17:31,2024-04-04 11:31,SC3
C17,CC7833GG,2024-05-25 02:17,2024-03-11 07:21,SC3
B16,CC5080BB,2024-05-30 03:33,2024-05-04 15:39,SC5
C10,BB8730BB,2024-08-20 00:31,2024-04-05 10:14,SC6
B11,BB6697GG,2024-07-21 00:19,2024-03-19 04:59,SC5
B3,AA6630BB,2024-05-24 04:39,2024-06-03 12:09,SC4
D19,DD3295DD,2024-02-19 23:56,2024-01-27 03:11,SC5
C8,AA8661GG,2024-04-24 09:22,2024-10-08 22:33,SC3
C1,EE1514DD,2024-05-13 04:40,2024-06-11 18:00,SC7
D3,EE2465BB,2024-09-13 13:18,2024-03-31 12:52,SC2
B16,CC9511FF,2024-07-06 02:00,2024-05-07 13:50,SC3
A13,AA5089CC,2024-08-22 21:20,2024-10-21 05:39,SC1
A4,BB1283DD,2024-10-31 03:56,2024-05-06 03:31,SC2
D14,CC7569CC,2024-02-16 23:51,2024-08-18 19:33,SC1
C2,AA6560CC,2024-08-08 06:07,2024-01-16 01:11,SC3
A3,CC8910GG,2024-09-14 04:26,2024-03-08 10:18,SC6
C15,AA2861FF,2024-02-01 12:40,2024-10-08 22:53,SC5
B18,CC4651BB,2024-10-02 18:22,2024-10-21 21:20,SC3
B10,AA5796FF,2024-06-02 21:38,2024-10-24 11:51,SC6
D3,AA3469CC,2024-09-20 09:23,2024-01-03 08:26,SC6
B13,DD3403BB,2024-07-14 01:22,2024-05-13 04:21,SC4
C17,BB5662GG,2024-02-01 03:10,2024-06-14 01:37,SC5
B6,EE2868FF,2024-10-10 23:25,2024-02-18 20:00,SC3
C18,EE7700CC,2024-01-12 06:52,2024-08-25 00:48,SC2
A1,EE5161GG,2024-10-28 12:19,2024-05-12 15:22,SC3
B7,CC9212GG,2024-10-23 18:32,2024-03-10 09:51,SC7
D6,DD5017GG,2024-09-26 14:16,2024-04-06 07:58,SC5
D18,CC6894CC,2024-03-05 03:13,2024-01-16 14:06,SC7
C7,AA1561FF,2024-01-19 22:55,2024-07-14 03:05,SC1
B4,BB4558GG,2024-10-30 15:26,2024-05-05 15:22,SC7
D14,EE7387BB,2024-09-21 20:11,2024-05-31 04:36,SC3
B3,CC9019GG,2024-03-08 05:41,2024-08-05 14:11,SC1
B18,DD6876FF,2024-06-04 17:19,2024-09-06 20:28,SC2
D7,BB2174DD,2024-03-05 20:03,2024-01-10 07:10,SC2
B14,CC7481GG,2024-07-07 10:37,2024-09-07 09:01,SC1
C9,DD8175BB,2024-01-03 06:19,2024-11-05 15:59,SC3
B7,EE8740FF,2024-09-16 06:19,2024-07-31 07:52,SC6
D13,AA3289GG,2024-11-03 19:06,2024-06-09 21:45,SC5
A13,DD1578CC,2024-09-15 12:16,2024-10-12 11:22,SC3
C13,AA3819BB,2024-06-24 13:32,2024-10-20 05:59,SC2
D18,AA7624GG,2024-03-11 17:13,2024-01-31 01:19,SC5
C6,BB7500CC,2024-03-28 03:59,2024-10-23 23:42,SC4
C13,AA7418DD,2024-04-14 06:21,2024-03-30 00:17,SC1
C17,BB7306GG,2024-03-07 15:25,2024-07-13 07:24,SC6
B5,AA1235GG,2024-03-23 01:38,2024-09-20 03:22,SC6
D6,BB3427DD,2024-10-14 11:21,2024-04-22 02:33,SC7
C5,DD6039CC,2024-03-06 15:32,2024-05-16 13:34,SC1
C15,DD1073BB,2024-01-17 05:44,2024-03-26 13:45,SC7
A16,EE1438DD,2024-02-19 17:21,2024-01-04 09:48,SC4
C16,EE5580DD,2024-09-29 12:45,2024-10-02 20:56,SC3
B3,AA2033GG,2024-10-08 08:37,2024-04-07 17:29,SC4
A4,DD9597DD,2024-06-04 21:15,2024-01-01 02:04,SC7
D17,DD8279GG,2024-03-25 19:11,2024-08-07 00:17,SC4
D2,DD2019CC,2024-09-13 11:43,2024-01-24 09:37,SC4
A11,AA1638CC,2024-07-31 17:34,2024-09-17 12:26,SC1
D18,EE6856FF,2024-02-21 05:35,2024-06-20 01:01,SC2
A4,EE7858BB,2024-04-24 20:53,2024-02-03 09:14,SC6
B16,EE1501GG,2024-07-12 00:20,2024-02-02 05:59,SC4
B4,CC2330CC,2024-09-12 01:18,2024-02-28 00:29,SC7
D11,DD9140DD,2024-03-10 16:08,2024-04-01 17:39,SC5
C13,EE1160FF,2024-09-09 08:46,2024-05-05 04:10,SC1
A1,CC5308DD,2024-02-17 17:19,2024-04-10 20:51,SC3
D3,EE6872GG,2024-02-25 08:26,2024-01-09 03:32,SC5
B6,AA4916GG,2024-03-13 16:11,2024-09-01 07:18,SC2
C3,EE7595FF,2024-05-25 17:30,2024-05-14 00:33,SC2
A14,BB7226DD,2024-10-28 23:51,2024-09-20 21:16,SC2
B6,AA3733DD,2024-08-25 19:17,2024-06-20 16:52,SC4
B16,DD6433GG,2024-11-08 03:06,2024-05-16 05:08,SC4
C3,CC2445DD,2024-05-30 04:17,2024-02-06 09:48,SC1
B4,DD8643CC,2024-05-30 17:31,2024-10-26 10:31,SC4
C14,DD4960DD,2024-08-19 01:28,2024-04-07 10:01,SC3
D15,DD6256DD,2024-05-29 18:58,2024-05-29 22:51,SC7
C3,BB5871BB,2024-07-31 08:17,2024-07-18 01:54,SC2
A16,DD1133GG,2024-05-13 20:30,2024-05-28 13:52,SC5
C16,AA4073GG,2024-09-18 17:00,2024-05-29 15:46,SC2
A4,EE6714DD,2024-04-29 08:55,2024-09-06 04:46,SC4
C3,CC4459FF,2024-02-18 10:27,2024-10-21 18:18,SC5
C2,CC7137GG,2024-04-16 18:47,2024-04-10 09:58,SC7
C12,CC2173FF,2024-10-21 18:57,2024-01-27 15:21,SC5
A8,BB6231CC,2024-09-27 22:57,2024-07-30 16:42,SC6
C8,EE4691DD,2024-08-04 03:08,2024-08-09 01:28,SC7
A9,EE7608CC,2024-08-09 01:32,2024-06-11 03:21,SC6
C5,BB5314FF,2024-02-12 09:32,2024-02-08 19:43,SC3
A12,AA3378FF,2024-06-14 13:38,2024-06-01 12:07,SC5
D17,BB1322CC,2024-06-01 22:33,2024-07-22 18:13,SC7
C8,DD8704CC,2024-02-21 13:44,2024-09-09 02:54,SC2
A14,CC7938GG,2024-04-15 07:33,2024-10-20 07:53,SC7
D6,EE5479CC,2024-01-13 18:43,2024-05-11 14:17,SC7
D12,CC9653GG,2024-01-23 04:09,2024-06-17 06:01,SC4
C10,EE9457DD,2024-01-14 20:07,2024-02-03 19:14,SC5
B11,BB7168DD,2024-07-04 23:52,2024-09-03 12:20,SC4
A15,AA9703GG,2024-02-28 16:41,2024-09-27 02:52,SC1
C8,EE8229FF,2024-04-16 02:07,2024-07-24 08:04,SC2
B1,CC5653CC,2024-03-02 11:49,2024-02-25 01:55,SC3
C6,CC5278CC,2024-05-04 04:36,2024-01-13 19:22,SC2
B11,EE2366GG,2024-07-30 17:19,2024-09-16 02:31,SC7
D20,DD5239FF,2024-09-08 20:41,2024-08-06 12:51,SC1
A15,DD7865FF,2024-04-27 19:16,2024-02-13 04:00,SC7
C1,BB1888CC,2024-09-29 02:16,2024-03-22 16:01,SC3
B15,BB3269GG,2024-02-19 17:09,2024-01-21 12:05,SC1
A10,BB4228DD,2024-03-14 17:43,2024-08-06 05:49,SC1
B2,CC9877GG,2024-06-04 23:46,2024-08-02 12:39,SC7
D10,EE8149DD,2024-11-03 05:03,2024-01-06 03:36,SC1
B2,AA6052BB,2024-07-29 04:24,2024-05-23 19:08,SC7
D19,EE6048CC,2024-09-10 07:04,2024-10-12 10:23,SC4
C15,DD3635FF,2024-11-05 21:33,2024-02-09 00:15,SC1
B5,BB4164GG,2024-05-26 11:07,2024-09-03 10:38,SC3
C9,AA3268GG,2024-07-05 01:34,2024-09-17 05:49,SC4
A12,CC3929FF,2024-06-01 08:54,2024-05-21 21:37,SC7
A20,BB1347CC,2024-08-19 04:50,2024-03-01 09:05,SC4
B14,AA8341CC,2024-04-30 04:12,2024-02-23 07:05,SC4
C4,CC1440BB,2024-06-01 07:00,2024-08-13 00:41,SC1
C2,DD4278GG,2024-05-12 10:22,2024-09-08 01:53,SC1
C1,CC5870GG,2024-06-28 21:42,2024-03-14 16:21,SC2
D1,BB9124FF,2024-01-05 01:18,2024-04-03 00:00,SC4
C4,BB3216DD,2024-02-13 01:59,2024-07-01 01:26,SC3
C2,DD1391BB,2024-03-20 08:56,2024-03-11 13:30,SC5
B10,EE9900GG,2024-09-07 10:01,2024-09-16 20:37,SC1
B9,AA2384CC,2024-07-07 21:36,2024-01-16 07:02,SC1
D5,AA4490BB,2024-02-05 17:30,2024-03-30 03:39,SC7
B9,BB1785CC,2024-03-10 11:45,2024-05-22 21:04,SC1
A10,EE8310CC,2024-07-29 07:13,2024-10-10 09:52,SC5
A7,AA7141BB,2024-08-13 16:34,2024-04-25 11:48,SC5
D11,EE5051CC,2024-02-29 12:49,2024-04-18 05:34,SC7
D12,EE8665CC,2024-04-12 11:42,2024-10-04 20:04,SC7
C13,BB4823FF,2024-05-21 15:18,2024-09-01 17:08,SC2
A8,BB4605CC,2024-03-24 16:21,2024-08-19 04:02,SC6
D16,DD1922BB,2024-01-17 17:45,2024-09-14 16:50,SC2
A19,EE3987BB,2024-07-04 22:28,2024-06-22 22:19,SC3
D10,AA9316BB,2024-01-06 13:40,2024-10-29 22:06,SC1
B13,AA2266FF,2024-03-10 21:10,2024-10-11 10:03,SC1
D20,AA9307FF,2024-02-10 10:51,2024-04-29 10:55,SC2
A12,BB1500GG,2024-08-19 19:32,2024-08-29 09:47,SC4
D13,DD1834FF,2024-01-30 11:54,2024-07-05 01:53,SC1
C9,DD2077FF,2024-05-26 05:35,2024-09-14 22:06,SC5
D4,CC5886FF,2024-07-08 06:46,2024-01-27 12:28,SC6
C18,DD6167BB,2024-02-04 16:38,2024-11-04 19:17,SC7
A15,EE9974BB,2024-05-23 04:37,2024-09-03 14:59,SC2
B5,DD6548CC,2024-10-20 07:20,2024-08-03 01:07,SC3
C9,EE4186FF,2024-01-05 13:36,2024-09-29 23:41,SC2
A11,AA2915FF,2024-03-09 08:22,2024-09-27 09:49,SC1
A17,AA7184GG,2024-05-19 03:43,2024-04-05 18:26,SC5
D19,CC5246FF,2024-02-01 19:57,2024-01-16 03:52,SC1
D13,DD2058FF,2024-04-18 09:19,2024-08-31 13:22,SC1
C6,CC5171DD,2024-08-24 18:48,2024-04-04 07:23,SC3
D11,EE8175DD,2024-08-23 11:21,2024-09-19 12:08,SC6
C9,CC5184BB,2024-01-28 13:25,2024-06-29 18:16,SC2
C7,AA9796DD,2024-08-15 08:49,2024-10-02 19:06,SC2
A11,AA6132BB,2024-10-18 10:36,2024-03-30 20:32,SC5
B10,CC4104DD,2024-10-21 02:11,2024-05-13 13:36,SC3
A18,CC8788FF,2024-09-16 02:51,2024-01-05 14:28,SC3
A5,BB2202GG,2024-07-08 11:12,2024-03-18 03:20,SC7
D4,BB8068CC,2024-07-17 05:53,2024-08-22 22:40,SC7
C4,AA3782GG,2024-09-12 10:34,2024-03-14 17:22,SC7
B17,BB3310BB,2024-03-06 15:45,2024-05-07 14:24,SC1
C4,EE4347FF,2024-02-16 05:05,2024-02-28 15:36,SC5
A4,EE5455BB,2024-01-19 06:39,2024-07-10 18:01,SC3
A9,DD5237CC,2024-03-19 03:49,2024-04-16 22:34,SC3
B9,BB5652GG,2024-03-29 06:35,2024-03-01 13:02,SC1
D14,CC3077DD,2024-10-22 05:59,2024-09-07 03:44,SC1
A18,CC3954FF,2024-06-30 03:49,2024-08-11 19:59,SC4
B11,EE2310BB,2024-05-09 11:12,2024-01-26 00:18,SC1
B16,AA9641GG,2024-07-01 07:48,2024-09-23 17:41,SC2
D20,CC7719FF,2024-05-22 11:00,2024-09-15 13:29,SC6
C19,EE3999GG,2024-09-17 15:05,2024-06-06 19:14,SC5
D8,CC7444BB,2024-03-09 10:24,2024-03-30 20:12,SC6
B11,DD2377FF,2024-05-02 10:25,2024-06-12 20:22,SC1
D14,EE6711BB,2024-05-26 08:37,2024-03-20 08:17,SC2
A20,EE7438BB,2024-08-13 14:46,2024-05-14 22:57,SC4
B13,AA7658CC,2024-05-01 09:37,2024-09-10 20:27,SC4
C16,CC8711FF,2024-04-17 04:22,2024-09-01 14:18,SC6
B9,BB9388DD,2024-01-01 04:34,2024-01-05 13:34,SC3
C13,DD9135DD,2024-05-28 13:10,2024-08-16 07:25,SC7
A15,EE1860CC,2024-05-06 11:44,2024-07-27 18:14,SC2
C14,AA4268FF,2024-03-12 07:29,2024-02-27 10:35,SC2
D5,CC7385BB,2024-11-09 01:32,2024-03-13 15:55,SC4
B11,AA9176CC,2024-01-09 08:04,2024-09-05 06:53,SC4
C12,AA7953DD,2024-03-20 01:53,2024-08-24 06:10,SC2
B7,CC1124DD,2024-10-21 03:57,2024-07-04 14:16,SC3
C8,DD6751FF,2024-03-05 13:53,2024-10-07 10:46,SC4
C5,BB2840DD,2024-07-06 09:22,2024-09-12 01:51,SC6
B2,EE4786FF,2024-10-20 03:49,2024-03-05 01:03,SC3
C11,EE1144BB,2024-01-07 06:11,2024-08-26 16:20,SC5
B2,AA5246DD,2024-06-13 03:49,2024-09-17 22:08,SC3
D1,AA3777BB,2024-09-03 19:59,2024-02-12 15:05,SC6
C7,CC7628GG,2024-03-06 09:21,2024-03-07 05:27,SC2
B4,BB9018BB,2024-08-06 08:17,2024-02-28 03:28,SC4
A17,CC9906FF,2024-06-14 19:48,2024-04-22 06:05,SC7
C18,DD9646BB,2024-06-21 22:23,2024-03-28 03:28,SC5
D9,EE9832DD,2024-10-25 16:47,2024-07-07 12:18,SC2
B2,CC6105BB,2024-07-28 16:51,2024-02-13 02:22,SC5
D7,BB7685BB,2024-02-23 20:08,2024-08-30 00:32,SC6
C7,EE3230FF,2024-02-15 04:57,2024-01-07 12:21,SC2
B9,BB1697DD,2024-09-29 16:56,2024-03-23 14:34,SC7
D15,CC8047DD,2024-03-05 16:59,2024-06-12 22:09,SC3
B8,CC2661FF,2024-09-08 16:23,2024-10-23 17:23,SC6
B8,EE6687FF,2024-02-20 11:03,2024-05-06 13:52,SC1
B1,CC8052CC,2024-08-15 13:03,2024-11-08 09:24,SC5
C15,CC6882GG,2024-10-06 15:06,2024-10-11 06:41,SC4
D3,CC8141FF,2024-03-17 10:38,2024-09-15 20:49,SC1
C17,AA3539FF,2024-05-07 15:14,2024-11-04 07:22,SC7
C11,DD5082CC,2024-07-03 14:17,2024-07-25 16:22,SC1
A17,EE8164BB,2024-07-07 10:26,2024-08-23 15:33,SC3
D17,DD6845GG,2024-04-16 19:08,2024-01-05 04:54,SC1
C17,BB8911BB,2024-07-07 10:45,2024-04-10 07:20,SC7
C13,CC3174FF,2024-10-29 03:53,2024-06-28 20:06,SC4
A3,AA1754BB,2024-01-30 22:46,2024-09-19 10:00,SC2
A4,AA5142BB,2024-05-13 11:16,2024-01-01 12:10,SC6
D20,DD2160CC,2024-09-04 21:24,2024-04-09 05:58,SC2
D3,CC5777CC,2024-10-21 02:05,2024-07-06 07:02,SC2
D11,BB8710GG,2024-03-28 11:06,2024-05-05 03:34,SC5
C8,BB1616FF,2024-08-20 06:45,2024-09-13 13:53,SC7
A16,EE1227FF,2024-06-24 22:21,2024-08-14 06:19,SC6
A18,EE8668FF,2024-08-17 00:51,2024-05-25 21:15,SC3
B5,EE1115CC,2024-03-20 10:32,2024-08-26 01:56,SC3
D10,EE4758FF,2024-06-06 19:20,2024-06-07 06:40,SC6
C19,CC6050CC,2024-03-24 23:13,2024-08-17 18:01,SC5
B17,BB2093GG,2024-10-06 06:19,2024-04-19 01:49,SC5
D3,EE9987BB,2024-07-07 07:18,2024-09-04 17:43,SC7
A10,BB3634DD,2024-09-02 13:24,2024-04-17 13:56,SC6
B11,AA5725BB,2024-03-05 02:12,2024-02-15 11:29,SC2
C20,EE1456DD,2024-07-16 13:19,2024-11-05 08:53,SC7
C11,AA8058FF,2024-01-03 13:23,2024-08-20 05:50,SC3
D14,CC1824CC,2024-10-29 09:56,2024-10-07 17:11,SC5
A5,BB3130DD,2024-05-07 23:41,2024-03-13 03:11,SC2
D9,AA8691CC,2024-03-23 00:28,2024-05-28 23:56,SC3
A14,CC1690BB,2024-08-26 15:18,2024-06-01 08:38,SC6
B15,CC7887FF,2024-03-25 07:09,2024-09-12 15:27,SC2
C12,DD2419BB,2024-09-13 05:50,2024-07-03 21:31,SC7
D9,AA1791FF,2024-02-21 15:13,2024-08-18 10:14,SC4
C13,DD4072BB,2024-10-22 03:27,2024-06-20 21:02,SC2
A16,AA1072GG,2024-10-18 07:19,2024-03-18 13:53,SC7
B8,AA5768BB,2024-08-15 19:39,2024-03-20 03:35,SC7
C3,AA1706CC,2024-04-13 18:32,2024-02-14 04:24,SC4
C7,DD8262DD,2024-08-15 14:27,2024-07-26 12:16,SC4
